{
  "count": 4,
  "countEEZ": 199,
  "area": 2242.602905458743,
  "fractionOfEEZ": 0.011782129548968004,
  "maxPeakDepth": 4708,
  "minPeakDepth": 1073
}