{
  "count": 15,
  "countEEZ": 199,
  "area": 11799.14311728577,
  "fractionOfEEZ": 0.06199003507767133,
  "maxPeakDepth": 4277,
  "minPeakDepth": 609
}