{
  "count": 1,
  "countEEZ": 199,
  "area": 406.6239759762406,
  "fractionOfEEZ": 0.002136310601848838,
  "maxPeakDepth": 2311,
  "minPeakDepth": 2311
}